"","cluster","V1","V2","V6","V8","V9","V10","V14","V16","V17","V18","V19","V20","V22","V24","V33","V34","V35","V36","V37","V40","V45","V48","V66","V88","V97","V99","V100","V104"
"1",-1,0.123260509787571,0.11016805249287,-0.13213321151361,-0.121721275528386,0.0814101668182042,0.0976712775010498,-0.0839547316392606,-0.134760573586597,0.0583576266385112,0.128949986960707,0.0790364878762487,0.104991232775795,-0.0923794226981751,-0.11090459727498,0.0883532769402204,0.120891732498579,0.0756484434019522,0.0737136004856313,0.0754191864635185,-0.0573629969510679,0.06778297275424,-0.0385525135424311,0.108775213310315,-0.169306001715536,0.0548720609856452,0.0621825415566364,0.0650649397886932,-0.150107496840192
"2",0,-0.0725711635826744,-0.0677515708271129,-0.143445523536765,-1.39220731420217,-0.155919892546888,-0.132802689286358,-0.00391229439890469,-1.02488486147022,-0.289421514652032,-0.20460258505248,-0.0487510077490056,0.285529479284931,0.137006627653714,-1.95506071422475,-0.164479738808894,-0.157710621143714,0.125232361670191,0.329184554420708,0.166958320638185,-1.41882480479692,0.25492891908504,-1.26822505455696,-0.15159570374808,-3.39576857407563,-0.0436088944424322,0.487084435756529,0.668543897958375,-2.03156939224526
"3",1,0.03518857916179,0.0296309852850999,-0.984197383369486,-2.06568529278417,-0.0252509036572911,0.0754004853338386,-0.918565245373776,-2.92388578452671,0.128896728615737,0.723011608688443,0.142539709575209,0.110482563573507,-1.13990515444043,-2.01106565146191,0.185787291754757,0.692881538169751,0.129133565887938,0.0271156751863746,0.00788199982779671,-1.43286355694219,-0.0423356905810441,-1.21745514378581,0.00890912685653791,-3.67308357932604,-0.0232242795014239,-0.0612857395106833,-0.114772902524054,-1.94122057523333
"4",2,0.995984445197849,0.62778844246652,-0.903566905571825,-1.80315807507329,1.07994960646699,0.621485477117384,-1.0264872453478,-2.79864890922457,1.03782031473352,1.37754613515766,0.887877150484183,0.566586571313692,-1.15487859064128,-1.86101388457051,1.15364984643295,1.14991615321784,0.993974349261332,0.799709188316313,0.709959646655145,-1.28030787249547,0.56794683674964,-1.07702068168974,0.711967036477021,-3.45467639120678,0.965687747599412,0.845106483832141,0.469306118959529,-1.79214475813484
"5",3,0.727326261218636,0.550735471901977,-0.674142690788401,-1.01454762040338,0.902906905182537,0.602621592596867,-0.8256298195109,-1.76760329755892,0.656182682329243,0.94217154391227,0.449951224013847,0.232954844339329,-0.700343565084697,-0.665978677263674,0.889162252918423,0.858768355592852,0.712694842480865,0.408746759939734,0.283608448019107,-0.552194157555164,0.200164445302413,-0.44013052837921,0.669143073514578,-1.39582548679042,0.68693497886662,0.509270689769625,0.189951902838875,-0.918276898294306
"6",4,0.582719278270269,0.389421582222525,-0.537314636762795,-0.665405916743759,0.699574588421063,0.388718191927083,-0.644645028305042,-1.16290828023709,0.299067544494191,0.51720564244709,0.158340927282177,0.0291641570848751,-0.309499232063702,-0.265505149411616,0.556789210611423,0.54900928226383,0.404766161421874,0.140068836395042,0.0782956058254062,-0.297154093063711,0.0155151235363897,-0.206828985781879,0.468205417469641,-0.670279260829652,0.371014476650378,0.23535679453494,0.00443616709029533,-0.56160179275458
"7",5,1.36463008691632,0.215369005239499,-1.43633052476364,-0.565530358334,1.08234463010512,0.0903121864868485,-1.07549520364884,-0.388688469794539,0.0473358471237515,0.157319577368066,-0.158227052396557,-0.191261924390852,-0.0380956062781687,0.193893740475026,0.0924222546760839,0.202123986140685,-0.170670725989998,-0.316181589794619,-0.500663559989196,0.467570231022662,-0.505449572847205,0.457883466073665,0.196725362790338,0.117471833531471,-0.00323212552159099,-0.232946567700203,-0.287109275385412,0.33649848227004
"8",6,0.686717717516232,0.168940984939027,-0.685648439603727,-0.494557678673297,0.518218514166383,0.0864602991792521,-0.521540439386952,-0.438436886059269,0.390546276998387,0.0247361632462693,0.185733292858713,0.117895073174978,-0.326882841056797,-0.191595489920429,0.384505882436944,-0.0144476776902403,0.301802444867532,0.365359283910759,0.202193535526087,0.0504972308629408,0.155720280240632,0.118045064292678,0.157707811779495,-0.488435337939143,0.407379939429842,0.28323299784767,0.307699028358268,-0.293056004711151
"9",7,0.601094976997996,0.210618706077679,-0.618681503942331,-0.29932077990598,0.48313905784703,0.132362070393497,-0.50515423590926,-0.296033860434878,0.535239919533261,0.111150416586153,0.370039059918154,0.215830034994466,-0.507060558511848,-0.404518928872893,0.208566898533262,0.0441826436084113,0.164452776053783,0.130245074185656,0.0662062551822359,-0.00448797952257661,0.115927947422142,-0.0207165547501072,0.200751332887045,-0.67558073270415,0.455623687363544,0.355489601383821,0.329085661215493,-0.206873375379213
"10",8,0.361332439216288,0.217634433204272,-0.324246232681957,-0.285560993052473,0.408226046741119,0.184091110164623,-0.358349600260503,-0.476496326900621,-0.0316354930257256,0.173628278488842,-0.114360940492189,-0.145710209420037,0.0343770776739974,0.087352884561899,0.195051535037932,0.235749674005247,0.0344888732480425,-0.119189952699918,-0.155070889101857,0.029047235740142,-0.17434318853552,0.0890770710373781,0.273078384388777,-0.0659857786123698,0.0348107539695354,-0.0910017775976224,-0.175223396721541,-0.195164761265236
"11",9,0.207461875670394,0.822762004714612,-0.278051727799207,-0.0411764711174436,0.0832623866832604,0.76444532587535,-0.117268800423674,0.0191897276462696,0.0753238923014846,0.0628602477101721,0.129200920571011,0.24337111626253,-0.0853388630279414,0.135629036699677,0.326555863623978,0.101033806245794,0.52403298469742,0.923367953405164,0.798755106786642,0.244476199534201,0.762176758487237,0.292426920977682,0.813836878678688,0.036006562572598,0.276408401263011,0.470898013931371,0.686094247792143,0.0189831523781126
"12",10,0.3413133125177,1.14489224955222,-0.457297901401399,-0.0966814353604846,0.188041282813112,1.07100505640125,-0.259133052994011,-0.0289436047545604,0.260374615870387,0.18888553774885,0.258269927288405,0.318835668096837,-0.272637126483831,-0.00224914925940984,0.545296887919558,0.244487650885404,0.677877841693405,0.981769136219616,0.807757459561073,0.0907702027755751,0.735685838490684,0.143417955832686,1.07589082172627,-0.137029675020764,0.509888346373131,0.627023357992711,0.715985583700059,-0.178096731884177
"13",11,0.443419599822232,1.33538287373066,-0.593714908808681,-0.154859600427639,0.266032889645079,1.24090527829594,-0.363937758897415,-0.0734072133883009,0.430251443495986,0.312478604341684,0.390921490351126,0.422714492655978,-0.454641439066481,-0.152590585003776,0.733741780846369,0.35922520575148,0.846798989980115,1.18682673346169,1.02928911111267,-0.057226683734041,0.958017211521631,-0.00332556608672092,1.27075207325005,-0.322121359504932,0.714466838976303,0.802192672470882,0.877215238600467,-0.375819470365947
"14",12,0.519723196926051,1.53539028796542,-0.696591999967272,-0.190454846637086,0.323537008067181,1.31369588187025,-0.441583628249011,-0.103239763738137,0.63000555779067,0.413426761980819,0.565287377272194,0.573998334694709,-0.672709208704911,-0.321241269622068,0.903769195973579,0.424933685872514,1.01031117373848,1.26009942336629,1.14480199825553,-0.176516480288709,1.10153251890511,-0.134634870689677,1.42192020031148,-0.547373542084315,0.907288949903332,0.97117732850236,1.02091315661009,-0.55094139959684
"15",13,0.563997337402846,0.146927768977899,-0.555533910561608,-0.457360044729763,0.423672998155686,0.0727647504895939,-0.424968710045974,-0.446289813177871,0.313419811702937,0.0169940234086406,0.172882502851417,0.167521029843912,-0.26662965237034,-0.560579802634744,0.367978109306296,-0.00255519048983026,0.339620768380661,0.434100455357577,0.506921053503824,-0.667654393141061,0.577393440727259,-0.733807283578266,0.131530192328065,-0.515356878813624,0.329052079461769,0.276333092988703,0.324957861978168,-0.286191797065571
"16",14,-0.00472566147571537,-0.0155358300682366,0.00547425309395333,0.0229150401939532,-0.093085198729591,-0.0428338673110936,0.10319278438349,0.0724119233184895,0.212188373500075,-0.0235949470046816,0.289897264548467,0.193901698022564,-0.096492026538409,0.0899871031734989,0.529264998924733,0.203725480990977,0.528816408392677,0.315133429237184,0.0400222817783003,0.128022053501995,0.0621549882287758,0.101441531780842,-0.0099826063715578,0.0910082004128656,0.559262179020182,0.510106018572093,0.18871635391099,-0.157764889039968
"17",15,0.0231301592579276,1.68551836085206,-0.0309251256736504,-0.0076435582364739,0.173354729105734,1.00614898342346,-0.26881648177049,-0.117175359116698,0.168987392444914,-0.0487991890525555,0.350673536544799,0.577510718201145,-0.350768036225952,-0.482358111804892,0.321541638392613,0.249862399569857,0.402034956926776,0.400004666180705,0.466768734541798,-0.479186591733572,0.561941205016514,-0.457176463343914,0.830399074192309,-0.405983984096582,0.482836965895276,0.603928867162765,0.623361568531165,-0.456689685792133
"18",16,0.759486119568883,0.663681793475255,-0.734776658225887,-0.652975871640011,0.57648743334029,0.58766579894106,-0.551147571778955,-0.577647245048793,0.412846298166372,0.328150972145676,0.279908902399844,0.147560767481836,-0.35680141571259,-0.594272942300671,0.224964018467353,0.210947709319843,0.182842897861781,0.00358087469369861,0.0617936519940685,-0.303920345717328,0.0486551663254372,-0.314220711538656,0.505349936223196,-0.58671007645427,0.393924562885604,0.306496023838683,0.108511409852588,-0.238778546228681
"19",17,-0.0204841718563195,1.04243705665283,0.0145304072578826,0.0116315243636839,0.0485240301160454,0.559017040642009,-0.096244578603082,-0.0282208877700141,-0.0588903322706407,-0.136619506920981,0.13504354111673,0.327311051082944,-0.0860147580104152,-0.175424011627972,0.0831672407401095,0.0608567647948592,0.135649268181468,0.223165620955224,0.281764625610568,-0.219990708343406,0.352462860791242,-0.210933913830651,0.471730251047215,-0.106968986115193,0.171906918086061,0.311480951964937,0.415167015664152,-0.157661216522197
"20",18,0.390898911201381,0.894198588857417,-0.510373005775658,-0.24517014549859,0.171844213658712,0.761526221001863,-0.248176370987118,-0.128198559623972,0.340481740065198,0.175044732846236,0.357996585077122,0.515901363708213,-0.444138829194524,-0.622710773921029,0.301890856910819,0.286033720415839,0.397876170445403,0.37380591581873,0.415353182143563,-0.438357121607875,0.463353333509976,-0.445057766572028,0.781634469091233,-0.554440917655407,0.492229722518144,0.639234492332453,0.716355279337757,-0.478453575437469
"21",19,0.0799519428267885,0.456426448966696,-0.0975685015845571,0.00500800866868024,-0.0199627768610677,0.420574943528984,0.0237438475250042,0.0575262458491128,-0.132410045983874,-0.0682161831042953,-0.0154349487822117,0.101607912289535,0.110281297173438,0.27170310214311,0.0619562758951643,-0.0420287053339943,0.327003997389107,0.681256086569679,0.545778514666859,0.425931682997533,0.477292911925617,0.461525621519715,0.440746373036796,0.20941546750122,-0.0066991067814843,0.263548279281824,0.490981705426784,0.233323681792679
"22",20,0.0959677841389925,0.339515707455718,-0.109783786095719,0.0032717514260444,-0.0103039165572261,0.286769542044284,0.0175559327615138,0.0569182743984766,-0.183058866298962,-0.0767849832496663,-0.0836823334927769,0.0126922435134901,0.15121872340149,0.300804464562347,0.0103612102940299,-0.0376929771784642,0.209639884533211,0.478313152413785,0.322106456744465,0.453808878104261,0.212826648678098,0.514880756221748,0.283865614473346,0.243828252596631,-0.0607113766085517,0.14540707716134,0.327868654355121,0.282425289487101
"23",21,0.26150697628823,0.773932656615085,-0.323751827829963,-0.0981957578362918,0.172917908055852,0.779187213253154,-0.228981372159478,-0.0624199185383432,0.289158945284639,0.235686747780851,0.24144179309345,0.20962377602046,-0.284119300160621,-0.125964165935267,0.382582505901676,0.107480811038213,0.461833182400298,0.58481490681515,0.422204370148459,-0.000939801500554189,0.373051222659562,0.086783851828828,0.613833446627738,-0.373879402406912,0.356146348250937,0.406903650841207,0.428350302628326,-0.327537310687775
"24",22,-0.0849812706160142,-0.109745961087982,0.0844643114959887,0.0313607813414545,-0.166133169634484,-0.171247308057334,0.180009796581754,0.0793887767782962,0.0994552662118951,0.201288768503794,0.316241228293375,0.513828268694905,-0.130953533492932,-0.205006988801118,-0.0943075774507578,-0.100731381281565,0.0336042611894481,0.268429104367391,0.385708556419933,-0.0715219484336745,0.518279258254216,-0.198254090560879,-0.160458371663912,-0.148779555526889,-0.0473511188513558,0.126039541989229,0.336346822729194,0.00109113007104462
"25",23,-0.0787169115113617,-0.115660780419282,0.0664590010929984,0.0308196539101261,-0.136364265033292,-0.126143531635043,0.132884003790579,0.0726245852767748,0.0146964142021087,0.310961983131267,0.0195453170176667,-0.032400544781969,0.0433299829993585,0.107504294219974,0.232644180422454,0.456038968028974,0.198523985832271,0.0338075890483048,0.0215623942719916,0.0262102609168731,-0.0379564837193435,0.0959330720602893,-0.175611973072062,0.0718249404456821,0.073511468894293,0.0432620227480649,-0.0900192191273189,-0.200786799157972
"26",24,-0.0731815260828002,-0.104448054458652,0.0658220235747967,0.0323215813093074,-0.128907522477597,-0.10157729170797,0.125094268485007,0.070489461285355,0.160107922838399,0.606907489798782,0.236178115564187,0.167427858548115,-0.110312045862598,-0.0324455062793079,0.52303964672918,0.896335200304241,0.537217734012353,0.351938175125818,0.298803451833627,-0.256226900735984,0.196281303785291,-0.161418191831823,-0.168100905403137,-0.0559560804624013,0.356280965427616,0.352940252328815,0.111950320815052,-0.541826939615688
"27",25,0.0354872445069919,0.123882529457763,-0.0257299651246667,0.0194105576161809,-0.0441277085543317,0.0759413767752453,0.0611268921349324,0.0646564083840292,-0.20040482333826,-0.119525196941456,-0.144584092784743,-0.116971484263275,0.187177894080268,0.31661407402827,-0.120551512334629,-0.151208231809869,-0.0404668865539375,0.0514699385903549,-0.140833712145165,0.517914340912832,-0.164450010679967,0.566922628956919,0.0691933668410817,0.267313176847752,-0.208497362312308,-0.112542927796758,0.00199573121656758,0.363398341061382
"28",26,0.25551899627716,0.358168880172975,-0.295350974796449,-0.0598866805012371,0.155398015307064,0.284518726658206,-0.187938626662798,-0.0151924252688351,0.0952110847113393,0.0971619986688517,0.0710174777373868,0.0418392543021932,-0.107031178145672,0.114738325926432,0.233871309397206,0.0625339753643954,0.263205019012076,0.336893889461364,0.12175171112432,0.27860152246057,0.0959823991646197,0.337372319077602,0.304438379459949,0.00133601361806586,0.120695200991043,0.152346372199971,0.182837707459121,0.100333595853533
"29",27,0.0350840339366959,0.492143779078508,-0.0338465800070826,-0.0143977393644225,0.15777009553433,0.589051589773355,-0.240367692639769,-0.10547092115736,0.197678865039021,0.144141246143875,0.245183936208126,0.384872103268961,-0.292601726777945,-0.406275492995909,0.292854409256373,0.278218347560271,0.354266636300759,0.346715098167931,0.427136731253299,-0.409601739568985,0.464605742908505,-0.412432752150474,0.513510711132933,-0.321530151672823,0.432970109165946,0.540336892238093,0.592181245444175,-0.388141090621975
"30",28,-0.0710918111545182,-0.0863865961503421,0.0722973081282526,0.0324694277476719,-0.151234147791103,-0.144627032763311,0.16532878872192,0.0798815413002437,0.34582008256995,0.294457420223903,0.580075130748681,0.831625167686267,-0.41583280717572,-0.236377490949641,-0.0932722185784205,-0.0367095996479507,-0.0808832282133089,0.0732974160386878,0.0388177753535366,0.235123828561241,0.141282056402351,0.237397009657324,-0.141103695720962,-0.290493320271292,0.0675888717885903,0.172085468792049,0.33477843889706,0.0474611486053529
"31",29,-0.0323492495395895,0.0379136507438278,0.0407841591863438,0.011516650321725,0.532706481893043,0.484111065939683,-0.534461611440768,-0.50855761570562,0.419014996601732,0.322165809191033,0.285780925695103,0.140660413961597,-0.388530831665681,-0.592120240437847,0.342853045433087,0.282620093352474,0.275099619677198,0.0452241975833264,0.105935980245371,-0.419938063372273,0.104207668449678,-0.339733216706149,0.390551384450498,-0.673504247529527,0.419436909788044,0.28530966431481,0.0481571771746969,-0.264428006791697
"32",30,0.615393273292409,0.338875899623518,-0.523838929158158,-0.176157540408363,0.485117508648973,0.285555417453616,-0.387199440535778,-0.116845380424976,-0.272534334556389,-0.0252141113613267,-0.25506062722743,-0.233134848330529,0.23356482618517,0.300057844571629,-0.177090274199397,0.0391362883747784,-0.227621026241266,-0.308227545200223,-0.509614167474501,0.467493907790976,-0.479818326785969,0.463043192680584,0.494316303835523,0.259418878994272,-0.242650427397583,-0.25798353561806,-0.255768898695777,0.26945748651674
"33",31,0.285965083682787,0.463412359039326,-0.35479264504653,-0.0909196587951565,0.135562827359733,0.414509649431202,-0.185317625526926,-0.0352561394161905,0.181474084759771,0.148488824752499,0.242558218349074,0.411874327582479,-0.217040445049626,-0.116361805361137,0.121818548502799,0.101785936378166,0.196255828588995,0.301275472190164,0.281199392701575,0.0339821805267215,0.378966328376941,0.0391725486967656,0.422769572723146,-0.175301205064385,0.303758514300091,0.527137724786949,0.70796582545927,-0.114079746501599
"34",32,0.47085464093664,0.0686806050451319,-0.500002461672865,-0.407917887347037,0.340140053293205,0.00711326129174849,-0.359380488194932,-0.359881817071277,0.0981368171523851,-0.0545198769596011,0.0367145300315654,0.0650096347302085,-0.095270052253099,-0.30125587178559,-0.00105013895294669,-0.0702003952207865,-0.0151582217085668,-0.0117725294977459,0.0484724918020546,-0.163413350902804,0.0369253840995464,-0.207023854698037,0.0477202666421103,-0.228234387582971,0.0727745452177903,0.0761183957248338,0.107912224903455,-0.0628749193038523
"35",33,1.27787980380716,0.118260926718762,-1.34703761966371,-1.1610479251156,0.956884251342797,0.0284566201269843,-1.00389125132361,-0.937960281383064,0.279404720696226,0.133077386804974,0.135080545462938,0.00321683325924501,-0.319130343883556,-0.058953263007429,0.516704279212342,0.102294758223578,0.403938758307854,0.396411022061825,0.192588477323974,0.0817701911382892,0.16466722835579,0.105641389728652,0.116964249823254,-0.261505837615009,0.426174455952707,0.292052950615306,0.233152841205792,-0.157038786368718
"36",34,1.37383975625411,0.157570294683261,-1.47017482272511,-1.43510408481002,1.08135441069676,0.0522032227468097,-1.12562445979614,-1.18073580983306,0.427728345037589,0.162530548851743,0.238958696699747,0.07021003957244,-0.448126621771717,-0.162961250442446,0.642200563007631,0.120526129038946,0.46871406226483,0.21744125617893,-0.0297772135658319,-0.01318663220567,-0.0502998762144716,0.0266370418352613,0.14172767838009,-0.416602470173729,0.541276709408871,0.357221215727137,0.0830548691939389,-0.232299651787527
"37",35,1.24253684333292,0.131167814282057,-1.31687387477608,-1.14947508483053,0.946005480100159,0.0328095221580865,-0.994803395070579,-0.976375370374497,0.395255482380178,0.0988604215130613,0.203121073297418,0.0469266104069398,-0.407911363208129,-0.135170890446864,0.563326058095477,0.0819628035242923,0.373640009838244,0.16672657759625,-0.0730947017209362,0.0437940818963938,-0.0985394673430391,0.108458737117332,0.117375780668844,-0.385030238294009,0.450677598465108,0.259485178609665,0.0448680951322251,-0.17201962444364
"38",36,1.08513789285712,0.0927811341647577,-1.12897515646198,-0.972897795782067,0.831078436277417,0.00176265485263225,-0.860444055193134,-0.831465579897126,0.338182939196836,0.0478996157526809,0.139710706463461,0.00246713251320081,-0.336068929959759,-0.0940492904039197,0.467365103818338,0.0281128571010476,0.263518076210048,0.0866152122431588,-0.137224825412869,0.102861194863526,-0.166775287258267,0.166260534541322,0.0846032528546463,-0.347058124918405,0.363229183035827,0.158310717380336,-0.0102586897564045,-0.114864848579343
"39",37,-0.0857895139211489,-0.120841921933076,0.0865484149902872,0.0409803920003303,-0.167253065333425,-0.193445243445095,0.181952675864996,0.0911370212483335,-0.0594152646642228,0.00375401749286056,0.0707295435456286,0.116799324787987,0.0356924598006259,0.245223948404027,-0.17860009596395,-0.156651601518943,-0.0736610209332706,0.0890053435959447,-0.0626228739731713,0.570354275120276,-0.0857978664136489,0.610098943465465,-0.16960041903123,0.174502195263169,-0.197417818048073,-0.063660458202914,0.118309013622882,0.362838847562183
"40",38,-0.0791643896176512,-0.100737956799569,0.08041173494235,0.0409429502908698,-0.159304125132776,-0.166823111310177,0.174252808176152,0.0909316156697954,0.104757831545967,0.119578647303471,0.225957378179718,0.25842611335959,-0.140268431900447,0.136601227272175,-0.104236549560475,-0.09658675461998,-0.0265213899524813,0.130562301001022,-0.0253098703488712,0.523924800278221,-0.0466653570079937,0.553781547842985,-0.154774663470067,0.0410249625992684,-0.0801114410592766,0.00344867683040553,0.162601480375058,0.271523774771527
"41",39,-0.0572081671344483,-0.0460318241023524,0.0585824493217674,0.0368187893005486,-0.135458190299399,-0.100219546031129,0.149883250468958,0.0856582283396658,0.880791020490175,0.597705199190687,1.02352635458562,1.13124548930071,-0.970427997397911,-0.45665428297975,0.148107148603384,0.0874083776054572,0.215881121633642,0.427037581718834,0.280634135391592,0.367410141856775,0.274196254364239,0.362171862510809,-0.095817391002046,-0.633958104783306,0.419856618985736,0.458222189460789,0.535506683281804,-0.193856418795077
"42",40,-0.0358447104963317,0.135875505601771,0.0352800034927812,0.0333191150885021,-0.110175882761077,0.158442031127108,0.121363169688744,0.0806754088483141,0.785082692731465,0.621335501787208,0.921514030506995,1.00838881558052,-0.910603564037841,-0.406769306765757,0.200821969261422,0.141877647482643,0.273991332789952,0.446995925374227,0.292451681250539,0.314024155710415,0.321069131232286,0.30798966074304,-0.0264111804770163,-0.557127759178049,0.392441811299544,0.411828171109592,0.453064470271182,-0.159744740119476
"43",41,0.915776193776143,0.0587661424792112,-0.936201467118753,-0.699026634385009,0.713216357147389,-0.0220637638344352,-0.732290926146204,-0.651915764552194,0.236230274684538,0.014793362884095,0.0466513620643399,-0.0628972026535694,-0.231103170300878,-0.00276543327881598,0.341216817370471,0.00811017668634111,0.119999947319067,-0.035404370957457,-0.244687281001179,0.204236118087533,-0.301145238722158,0.288403080715802,0.053082780904698,-0.219510897152409,0.244396365066511,0.0222217573961992,-0.0994716993160963,0.00885428449037829
"44",42,-0.0550715116386247,0.00335782507858198,0.0556970994152203,0.0366160293250903,-0.131895032887127,-0.0231376943613533,0.145102394443981,0.0852592226261987,0.670932133167269,0.466903654732455,0.821727814649212,0.905636066660066,-0.754327727748215,-0.290867710987533,0.121064320599876,0.0569539879500045,0.198334509561087,0.391414514383067,0.237721289045009,0.379630574344104,0.250602173819272,0.382331155746844,-0.0895660101472822,-0.434418222599994,0.301813376630071,0.342623329481816,0.434602339594264,-0.0614958562402914
"45",43,-0.0402898429404804,0.00215221675178491,0.0448258005470085,0.0339076599355139,-0.118054859400719,-0.0408134569699611,0.135062280866954,0.082168899425385,-0.0132439883488131,-0.16244169798195,-0.041285123065709,-0.0997877793780105,0.0788642529343836,0.20958619536675,-0.00601354306529167,-0.111124311479614,-0.0947250200510159,-0.240786165654042,-0.439065922922426,0.482305525400305,-0.437140025076262,0.511586941889932,0.0139693674711595,0.212383160025324,-0.00639921702789091,-0.102861576920422,-0.214569502181948,0.266816555165216
"46",44,-0.0653986511789326,-0.0515033105787531,0.0666604410752754,0.0386446655155076,-0.143597284438951,-0.0947945416856396,0.157857263537238,0.0877477181855579,0.46339235022715,0.345645035559782,0.597164902791903,0.646466748142795,-0.511539766166811,-0.119208482271101,0.0357451936610742,0.00162097768995069,0.111293469453912,0.297334521073943,0.143283433747033,0.431563116523081,0.108547259274246,0.460451893920266,-0.121068815776993,-0.249322389621997,0.160849195437265,0.215104671798278,0.344214850850125,0.0660333815677391
"47",45,-0.0739837967603889,-0.0827683363995193,0.0752328142501396,0.0400864603466804,-0.153496421018215,-0.141088033310361,0.168212076833523,0.0896405585805166,0.310574764516244,0.235067166279579,0.445131348477503,0.488130097778171,-0.346425501432665,-0.00475181518854362,-0.0255305513605725,-0.0480111187367673,0.052001247497135,0.234235226199211,0.0811799718668785,0.477773031938322,0.0620376428097768,0.505653155843874,-0.14106885282407,-0.118550178150871,0.0540192372745653,0.123211992893739,0.279085471623883,0.161457528551606
"48",46,0.395241153424478,-0.0426189318621004,-0.35811488253991,-0.191710623673357,0.269870597111549,-0.122961323352336,-0.230881629764069,-0.156781725005721,-0.150543318720988,-0.164254659603448,-0.217264041949551,-0.217476723249884,0.148432271667024,0.270121916753221,-0.0320895110150564,-0.167152001933546,-0.226169847323927,-0.332925636533116,-0.498809101350266,0.459544783226758,-0.518346161558352,0.524065244375005,-0.0676377289824944,0.183033857368024,-0.133627881200025,-0.304048390440219,-0.309968673932519,0.310141343905598
"49",47,0.255358757958439,-0.0708155870807187,-0.219109550772598,-0.102156996562463,0.142906506302092,-0.153159505356822,-0.101766022857094,-0.0635732088862976,-0.256408304919467,-0.204980806248373,-0.266081007556894,-0.246867241494546,0.230364121412653,0.325209478672269,-0.145652538949515,-0.217809771943426,-0.287504297200502,-0.376363655239664,-0.54059156665591,0.527288750730717,-0.550511543376875,0.572731224281032,-0.102885097392528,0.266377565631962,-0.249039987493218,-0.36026672489647,-0.341548773265381,0.376598864135803
"50",48,0.877789589420011,0.0351001237859526,-0.879402760132049,-0.601007904197625,0.665226821685277,-0.0480635253172498,-0.659856827330562,-0.521009949983856,0.00102395679871106,-0.0283016303861491,-0.113775727730922,-0.156535300780546,-0.0134931582948366,0.174840119304986,0.22996188441202,-0.00751308675651102,0.00234837336772173,-0.149947665836079,-0.352430518581727,0.298426048624727,-0.374634296239195,0.355646199794556,0.0220781257270985,0.0488894302886115,0.117383683391786,-0.0928952036463625,-0.183446696718348,0.127435145862581
"51",49,0.69533872043351,0.00475631077334944,-0.678395669611789,-0.445873828714698,0.512540538133305,-0.0762099279604418,-0.493829016991861,-0.381774249614635,0.00454789476967804,-0.0938750635782743,-0.122254073496612,-0.154632757408074,0.0066274331102411,0.171993807956395,0.174211265276388,-0.0974118179480003,-0.0435886530513371,-0.175330295191734,-0.361892740584881,0.3341956638771,-0.388507076154508,0.389108682334278,-0.0105271957778668,0.0460247258420489,0.0630734456543196,-0.138540416934466,-0.200848693921597,0.168836194602299
"52",50,0.66578028841113,-0.0103406736611788,-0.63931405385664,-0.407164369516528,0.485854929854098,-0.0932068208639517,-0.456189280332281,-0.346031826377948,-0.0990632350272697,-0.112214740821214,-0.183047269769962,-0.197606786359783,0.092722944239778,0.238830759710226,0.108124884384888,-0.102841991397883,-0.116142275808054,-0.259689784427355,-0.439184225762745,0.384661913405265,-0.454840344619976,0.434642535829237,-0.0290143912188912,0.146319806940586,-0.00688356160074003,-0.205251581821169,-0.262506837104463,0.225551827224723
"53",51,-0.0588697504424879,-0.12008578108882,0.0617824025443543,0.0368379617844029,-0.144821624183314,-0.20018173740722,0.161593934281668,0.0875667890112209,-0.133596870480821,0.17332570155501,-0.11843363252749,-0.114396636991795,0.106874432449106,0.291100224690334,-0.16836053483875,0.0133325832831509,-0.20523515191683,-0.247668072037303,-0.45283565984072,0.577523852743862,-0.438781475149706,0.612572991043104,-0.133044975953412,0.242763499204306,-0.277136283980973,-0.287952294121829,-0.245837102784301,0.45110569654621
"54",52,-0.0198058818316577,-0.0842023229789673,0.0276471443143365,0.0327395783903356,-0.106527946064507,-0.154323996649728,0.128346594755969,0.083159105562598,0.420601126998454,1.33661214165989,0.433601956409419,0.407629820160325,-0.527347578764075,-0.0453840163003019,0.273159071854642,0.790898683604512,0.193922942470791,0.205280647773871,-0.0197677865192438,0.31498072163607,0.121159316780221,0.24732529231164,-0.0101177972625265,-0.107362362252954,0.162750465515103,0.0982914690625228,0.109245798804611,0.134361335918675
"55",53,0.193168239952457,0.5925071417927,-0.209879892192222,-0.0662343711209632,0.0703438162539491,0.570028671291023,-0.0713636692855661,-1.04610746819256e-05,-0.111634504109525,0.0872923396855824,-0.0852505107365005,0.0636142335464143,0.0582604530242943,0.153362342216359,0.15580555547897,0.29449023523721,0.206679549545122,0.423787951825713,0.453275548621357,0.0927774698287935,0.360757250893472,0.162030070470916,0.554393341218281,0.0398569855797098,0.0447002947122183,0.126638751172013,0.260755168295632,-0.157979389517605
"56",54,0.00839943101040447,0.3369391578716,-0.010656395730578,-0.00247194606947839,0.093696152951698,0.407948282616221,-0.156591263274855,-0.0591384205795426,0.0649540331079989,0.0427342519437547,0.13537146674374,0.271852475618713,-0.153618358216458,-0.237922942055232,0.174160026446991,0.15919946426644,0.216545637997363,0.258741213691355,0.31030051224841,-0.334503999004711,0.383332125818745,-0.294322215711264,0.344899094550969,-0.160799018191032,0.27334339531852,0.387250097142555,0.473760014197437,-0.244839693546435
"57",55,0.272602141448912,0.371776422566684,-0.363777107697973,-0.156579084123008,0.100703317559641,0.209206878283586,-0.170663534403907,-0.0783907876094783,0.0755321162814908,0.0186454193954406,0.128881585565518,0.275723774432171,-0.156129665463476,-0.274125357945627,0.0911828002825486,0.105993836939543,0.122689735077011,0.171316506849709,0.234013880398113,-0.276153963945828,0.267458478905736,-0.228168994139449,0.329166232038544,-0.192845106099072,0.220609394506528,0.356097250901859,0.46876704062316,-0.191780503137129
"58",56,0.126439047053555,0.358603319813731,-0.178760457087493,-0.0611664670115036,0.000779388142376304,0.241620810248019,-0.0215767574968018,-0.0042088999724702,0.0316699114261868,0.0178594058067699,0.162044082150398,0.358128825461064,-0.0618827449174512,-0.174446143135213,-0.0614255903260967,-0.0578130167630533,0.0429001808567533,0.244060409618748,0.313850816858812,-0.086775897109156,0.523334028344423,-0.183950125729816,0.297858353580502,-0.0846971785235372,0.134254526648756,0.447233439200257,0.704085825267684,-0.103822157366358
"59",57,-0.0481170592051464,-0.0226882380162674,0.043775170339097,0.0114853397749616,-0.0999764556415005,-0.0583794407597434,0.111054919453347,0.047343876308757,-0.255051591951975,-0.150640745892836,-0.0817232240051472,0.0599256355513567,0.192045749850402,0.134937592406337,-0.211437203041315,-0.155710055141502,-0.0746390513254391,0.0738194099793667,0.138607681271001,0.0258439920342147,0.175776925958376,0.0271052613091632,-0.0370361736794494,0.18477741732914,-0.203635791828587,0.0798446919309946,0.270401201481051,0.111831744987938
"60",58,0.148421321225473,0.290412154400708,-0.200986803065065,-0.0755540495413151,0.0100318232231911,0.243722444730284,-0.0347024103864629,-0.00977794976026422,-0.0134163270296968,0.0395039196865865,0.0809500421034949,0.248746988969721,-0.0262847039484371,-0.112556518919063,-0.0380216783488615,0.000519134365125391,0.0287117173825271,0.205783222964468,0.263850557662915,-0.132829473061249,0.330536699958258,-0.148368715019225,0.248879576049692,-0.0562740264675103,0.0634125333554533,0.296845949782426,0.510834412342943,-0.0636614862793002
"61",59,0.191919027302777,0.34276609919118,-0.21711927232055,-0.103298278808219,0.107006820070417,0.378003363423448,-0.11924680490222,-0.0700168500771584,0.389778287680962,0.438459611060467,0.539094789673496,0.671640389117869,-0.364695249895823,-0.530157918864256,-0.00765951281113512,0.0445857090226686,-0.0335032508640818,0.0684970628947547,0.116298573225946,-0.12175587456497,0.17880363736054,-0.155227352137104,0.143402038264085,-0.374930687331339,0.140043866655641,0.206603014251372,0.307114628881204,-0.0650348826864791
"62",60,-0.0401775047300735,-0.051483184380498,0.0512736458785705,0.0242422847961359,-0.118042553535896,-0.0975188048318046,0.138644651688967,0.0689321406892273,0.0947443319588665,-0.0794904876331703,0.0778268118381387,0.000249525365330851,0.0231501454256945,-0.00285044809636261,0.0113871587404016,0.00968032766263626,0.0339098633675343,-0.0166484720255954,-0.0949234432660453,0.164930408502276,-0.0595711324106773,0.159560084959261,-0.0793427375211843,0.160876265516293,0.177759503658118,0.176765933139193,0.0431554097197582,0.0746663145441322
"63",61,-0.0920157947993335,-0.14199505215951,0.0797562076890748,0.0324571848825594,-0.125168750742932,-0.130231228001606,0.11902081336327,0.0564126938708799,0.221377843078873,0.266200433111793,0.214964675366061,0.114542782379173,-0.0392756799472415,-0.262284972005506,0.0747432438550338,0.126292396869386,0.0806575914059266,0.0189322151949206,0.0457871309539878,-0.129645036934921,0.0641644858825594,-0.196841521761931,-0.16891016046336,0.024193552905625,0.185476893694578,0.202901354613575,0.0740667667402522,-0.0837903693286694
"64",62,-0.0523106808397773,-0.0421491201407211,0.0554977275439292,0.0190428342430599,0.421647591552734,0.0668249291153512,-0.466955289509023,-0.449868820919052,0.269109745917826,0.0370864829300873,0.172185433263259,0.126573827715036,-0.283364390268668,-0.474696365901802,0.20142322050675,0.0397130435520406,0.164972644925085,0.157597851069466,0.213810224272683,-0.364976878937004,0.201310025983048,-0.319182685375928,0.109457476890798,-0.510009603267834,0.235637844454521,0.170189819347525,0.191122545816853,-0.190782511683698
"65",63,-0.00103783724883484,0.0342805360282942,0.0163568780226237,-0.00182637913622756,-0.0927879178422259,0.0557281039700339,0.115195270407236,0.0456905863685866,-0.305869061783533,-0.165287111671548,-0.107591910745986,0.0240818727442809,0.249325092926812,0.179505418498389,-0.172106736549156,-0.13577635496611,0.180170261082027,0.399037661983967,0.468686284394757,-0.111449758050719,0.330362561438168,-0.1059986964567,-0.00426351546105431,0.23007008695988,-0.28334260542022,0.0615678044436047,0.186535060375226,0.17014474991491
"66",64,0.264197760375839,0.0872686028932509,-0.211604207515872,-0.164055961397053,0.162810658568911,0.0244823703919134,-0.104368440426152,-0.128830848586657,-0.0692355345791512,-0.0215030361095676,-0.165946711034971,-0.176683706954732,0.0854975110524493,-0.048208491581987,0.10464001049842,-0.0102876369411974,-0.108360166968101,-0.211219115120562,-0.0725456093748058,-0.316725091226405,-0.11357323810344,-0.244007015414048,0.0835831892740617,0.0207416487999659,-0.0422048884450497,-0.220811779548216,-0.25316849341681,0.0767180731567654
"67",65,-0.0459902548272775,-0.0371196061175613,0.0434288465385969,0.00880660174554409,-0.0697652899149992,-0.0112147185053534,0.0756734685266609,0.0308165747617565,0.546120483447555,0.559609515389091,0.963977424703136,1.32479011441284,-0.572563731598975,-0.717089659497968,-0.0103799882442658,0.0368862975989604,0.0815684671023957,0.212753922532461,0.264689384324,-0.0703848492202055,0.318801910136173,-0.121236094875703,-0.0799007585440368,-0.555525239348874,0.174603133436666,0.421027461001021,0.470076039912258,-0.142597542875567
"68",66,0.0150493690714173,0.148878821403112,-0.00298326378853105,-0.00433394707148891,0.0968750308509388,0.286028251191249,-0.106822188466341,-0.0579899370506161,0.32151406273903,0.501083004215227,0.432830836686483,0.525199979881996,-0.30806409206839,-0.415173843534924,0.0502673978354381,0.135903164231437,0.0038473448610228,0.0957069270206732,0.136327770562306,-0.100800376335284,0.189570978424737,-0.0954981476514799,0.0767306918814572,-0.352358596731184,0.125556289529272,0.139805456843897,0.200491110246836,-0.0251926485336517
"69",67,0.0625955214539849,0.2387519984953,-0.0586219348499032,-0.00420979664854074,-0.0329740139249889,0.218283989172695,0.0477033048097964,0.046943620064887,-0.25676195461116,-0.0846258535616824,-0.161569632982315,-0.0110800214284872,0.192951407649975,0.253124583583369,-0.0765293658043816,0.0456599726998626,0.062051502855269,0.292826606962549,0.329679516124604,0.219463629370104,0.229288834326228,0.301540790350166,0.210918651766652,0.193650841492514,-0.17657516366849,-0.00877041377229891,0.15962154337623,0.0555469257921834
"70",68,-0.0441738620143996,-0.0559953437388102,0.047553619261758,0.0261050479079243,-0.0921530257484323,-0.000941182202438043,0.108547679085069,0.0652539620778484,-0.019375149187774,0.266044778982357,0.0110546906576317,0.00798733920387588,-0.000895444878870465,0.104682213591804,0.0219690846554995,0.161881866390421,-0.0241632316488063,-0.106937868911743,-0.117211208856464,0.182023530657578,-0.16769579126161,0.246968918218973,-0.0778918075468221,-0.0163700185658315,-0.153414334685591,-0.185889419958876,-0.194762394972861,0.0114846920576984
"71",69,-0.0159149326356265,0.000982299951452683,0.0227834770132875,0.01845824266375,-0.0574541429200468,0.101207110439087,0.0745121402548029,0.0539643238595256,0.203466166798419,0.58923780931373,0.251743295164888,0.271903231686307,-0.224822015675347,-0.0932582364945024,0.227239818966189,0.396567086081521,0.206571537544882,0.160201169339673,0.136072388331178,0.0277016140127524,0.0508307594937088,0.108856616125501,-0.0140454381112492,-0.293238726095211,0.0234815572869177,-0.0032800512480503,-0.0420770792610227,-0.140522726046234
"72",70,0.267229294532138,0.370349102643943,-0.25462105060027,-0.134725261238037,0.180160849827589,0.375935654002831,-0.157135077258053,-0.110677652141796,-0.082136776477441,0.0632799943415049,-0.0752978681536923,-0.0768801848010685,0.0644340544665281,-0.0524147830804674,-0.0289454545914714,0.0532139474836247,-0.074103055452167,-0.0909641540173143,-0.0559155003827521,-0.11670069071732,-0.0401997610897027,-0.144575980838023,0.151738925009961,0.00733460161392738,0.0423825065330609,0.0299296418108832,0.00910365354413863,0.00198555125697655
"73",71,0.175981730082946,0.244426114106934,-0.199140769792732,-0.0839449953535846,0.0969828043841333,0.227638080936645,-0.109728640461063,-0.0592429275518529,-0.176326492294794,-0.0689476968578351,-0.158356811023452,-0.140775905514786,0.15362563510179,0.0623533800715231,-0.125093899519446,-0.0563738784864845,-0.158318384696625,-0.162076957108871,-0.104906016613562,-0.0395509666093352,-0.0682221898545418,-0.0817194295569883,0.0577364239245817,0.10544218919302,-0.0787805308583277,-0.0863461650168116,-0.0782178596013243,0.0755406748981231
"74",72,-0.0254590663830977,-0.057233733659968,0.0283197458392689,0.0060181809857627,-0.0871018349758331,-0.0619673908629505,0.0958604151226477,0.0412626095244127,-0.272987535365543,-0.222804716016216,-0.149229998132065,-0.0839047247119378,0.167101998443851,0.0688538776423052,-0.0919615505224207,-0.132834020000029,0.0291945085125161,0.0967572292382566,0.178800016850724,-0.192127250585095,0.148421881360774,-0.14760558617126,-0.0867364606921921,0.134947029137888,-0.208816484971746,-0.0916047572621371,-0.0441106248626362,0.121194105502721
"75",73,-0.0611411763053507,-0.0774904458450544,0.0650790162561964,0.0311142028744763,-0.121162909800135,-0.0621430926233397,0.139801859404911,0.0736390166518136,-0.163972953687876,0.0967377127463448,-0.148488656003399,-0.14515862196931,0.14595777239581,0.221136353918567,-0.120132512953255,0.0127412032406113,-0.186849351710575,-0.267239115564252,-0.224692419130963,0.279840477971493,-0.267253793855372,0.332900258518632,-0.108710603714937,0.143218889371698,-0.274139129815418,-0.310562239497091,-0.286218449054474,0.11585329008238
"76",74,-0.0825398239880505,-0.121043171082495,0.0732047907781031,0.0326236710666846,-0.146749471915774,-0.140505191205511,0.143614945078545,0.075478619026321,-0.137710504857956,0.149072571697185,-0.166881699016895,-0.178593600014183,0.181418085118479,0.224434631101576,-0.00923275791850991,0.192711461745091,-0.0851368811950315,-0.20332556089321,-0.190053228768834,0.215937624909089,-0.210960082173914,0.271975412024566,-0.17343845343779,0.181287682242214,-0.15240144098903,-0.204203198978144,-0.242140116832157,0.0207328963287525
"77",75,-0.0190654044428514,0.323382507552196,0.0301152213055467,0.0113716825674168,0.10724420213314,0.506535840051097,-0.0882159196314671,-0.060288358613187,-0.148273318074761,-0.183863936041259,-0.00803648211217147,0.0297968173281278,0.0224581733361921,-0.0914364280800996,-0.0263307507295417,-0.0372711272244179,-0.0512721327291091,-0.0755271504988883,-0.0173533679099877,-0.147687134825329,0.0198713755537782,-0.173221484887488,0.223174531819967,-0.0525094593539373,0.0421106832814709,0.0477770111026787,0.0429043879416414,-0.0566808645278158
"78",76,0.020407127266986,0.162490086098522,-0.00994066391575288,0.00466589487495201,-0.036916043333193,0.238508722234443,0.0583009975269144,0.0424728383534993,-0.305364807157975,-0.162089422435199,-0.238903312112197,-0.183716148001981,0.242860999302618,0.278874678304868,-0.109061703772599,-0.00714367050118348,-0.10255564192819,-0.0942842290436084,-0.086248377842532,0.230309804131925,-0.138863634316179,0.29218838842764,0.142581766308694,0.216288622194677,-0.237443435867312,-0.209953354381928,-0.162871491902584,0.0495464373972911
"79",77,0.0305925953482009,-0.0398172080307918,0.000515348517578807,-0.00594665150401232,0.0110198795829101,-0.0923610930045686,0.0559844629328637,0.00417845919869441,-0.312994449327262,-0.150299176957156,-0.30087250642389,-0.257498085862316,0.279745114537378,0.298588594741985,-0.19544413042985,-0.123540784043395,-0.3076127793755,-0.349090099553211,-0.336584492752945,0.293317452464027,-0.355754863235249,0.360223467466766,-0.0426793226055105,0.242925520289758,-0.316403345623284,-0.386125641875427,-0.321505471425341,0.120999922424012
"80",78,-0.0878330655115555,-0.0714644567821502,0.0894282535060673,0.0349701417958379,0.198497420966742,0.0767473485615525,-0.144185385045088,-0.167501743403027,-0.0835047246679711,-0.060548049942733,-0.161366777684724,-0.154185586155941,0.103738477042654,-0.0278082823565588,-0.0259640830337884,-0.0398648608690337,-0.199734567125904,-0.239738113343681,-0.155663939026529,-0.0825152990109493,-0.161934326395929,-0.0951746207719976,0.0478819543044882,0.0465861438174009,-0.0544209935649106,-0.21669110221696,-0.196789539168922,0.075417691146074
"81",79,-0.0105117830793042,0.0956786223694379,0.0277157420229979,0.00719308963856495,0.112111430462472,0.320667121249875,-0.144480607074218,-0.0653353080120515,0.0834917797994142,0.0416029073857215,0.0849161959502578,0.088204599617954,-0.154221187519898,-0.269084916320883,0.121602525378489,0.140817212707901,0.130660760900198,0.140758862638283,0.193173767481815,-0.241386801093212,0.16255725562141,-0.192045125981656,0.263791110221833,-0.256597676073389,0.0956906802554615,0.0873012321362264,0.0891891787014389,-0.0566144852143661
"82",80,-0.0519937500849097,-0.0848566822471168,0.0659363005558876,0.0175056198918879,-0.126552091564431,-0.12832851103831,0.147741959500187,0.0599320496820478,-0.0616654648355202,-0.0163105821560266,-0.147231504004379,-0.166227977098671,0.184356988459688,-0.0252398638919692,0.0358886670229353,0.00984286624099219,-0.0735640620666097,-0.20226575473772,-0.0495229834271117,-0.227862194538227,-0.0818595153097392,-0.201442592881836,-0.158341986288759,0.153785038051257,-0.0912046304229179,-0.197027194301091,-0.258489333245122,0.109104811305171
"83",81,-0.0758872116752863,-0.104319488611323,0.082944747102878,0.03305969635487,-0.161527486924576,-0.183104549609494,0.180197115964463,0.0830301807702117,-0.401716435860744,-0.264820572843911,-0.210213720294662,-0.0724545358071897,0.31737023400191,0.312127333712982,-0.373989097553911,-0.291321677869922,-0.0413617423918018,0.168414990847517,0.190174728071047,0.322145663580973,0.120921599407757,0.367803195238436,-0.143231645359321,0.258049743566854,-0.464139180212847,-0.110253020285153,0.0664478868346006,0.132477657897651
"84",82,-0.066260080821933,-0.0620864764345274,0.0647498516221683,0.0217477989630428,-0.145949184280621,-0.113495269081874,0.161243549084984,0.0712798619114327,0.0571078641806267,0.1445522198783,0.217629485625242,0.337147561270516,-0.112970460346018,-0.166244828483273,-0.202135828758845,-0.114856080212354,-0.178752145057333,-0.0818787217553145,-0.0275869509221462,0.0344188099080523,0.0282286063166889,-0.0106310405861695,-0.116827357269687,-0.127343401127465,-0.150727263189219,-0.0691306863899934,0.0630660100346031,0.0856669012502337
"85",83,-0.0753081864748779,-0.095808352858357,0.0714092050112235,0.0249568974637648,-0.131127699650994,-0.140311367537183,0.14192895133037,0.0600253658610439,0.00356931490393141,0.00517720973263994,0.0779407573207034,0.106093199869158,-0.0239161660794899,-0.108059782944367,-0.20536826403219,-0.152724459210806,-0.225019519176976,-0.225966129415704,-0.155305325125401,0.0434868504015831,-0.147255279415548,0.0529845213877423,-0.147551202109793,-0.0549298156301451,-0.196820621280401,-0.183086923151571,-0.152845808755316,0.139168770494003
"86",84,0.00310092677483301,-0.0861870637047166,0.00191416313308089,0.00808180618935421,-0.0683798234402105,-0.178075539342219,0.0511699549592784,0.034150252992608,-0.23259587658861,-0.100634904314411,-0.217357326670553,-0.188633694731567,0.206077617834781,0.258361955884778,-0.11022356993069,-0.0862511905097085,-0.135427858930081,-0.154465742627619,-0.194167433429485,0.201094973026902,-0.228412075419754,0.271264812483877,-0.103205525035634,0.189933714593796,-0.244096779150136,-0.241709065810608,-0.196654872256165,0.0493381553896778
"87",85,0.0217042623200549,-0.0174283761827911,-0.0351787797416603,-0.0248988414350593,-0.0643068629846409,-0.0878730068979883,0.0600849910542353,0.020764448375308,-0.349388522336279,-0.223511870382654,-0.286462752394641,-0.238570409224642,0.279953655915254,0.208063040849824,-0.286540647338715,-0.21089428748271,-0.274907385306203,-0.255026388171196,-0.205061730668562,0.0403535461110497,-0.180596940892573,0.037797008104179,-0.105828922756964,0.255800930674711,-0.319755622817575,-0.270173272265196,-0.189674292032822,0.176495490239607
"88",86,0.162584292191662,-0.0473000612634386,-0.13035041959444,-0.122850292868678,0.063780152755528,-0.121548363625568,-0.0298104772901777,-0.0977823842385624,-0.217414026425796,-0.189330818572524,-0.244109789408708,-0.204904912043176,0.202037668682015,0.0535302853392541,-0.229098537764905,-0.213245984848284,-0.320664798727511,-0.350053197295678,-0.202086761644118,-0.0261721278952112,-0.182487343671757,-0.0596965272538706,-0.0829676968272771,0.131062988698463,-0.243185272202743,-0.334868949720601,-0.295036249220994,0.153941373946385
"89",87,-0.0919218115561588,-0.0927563950368065,0.0917175522367774,0.036708582955991,0.0235363316194831,-0.00234478334215217,-0.000223734136608462,-0.0272036095234816,-0.244454957415409,-0.141380287097534,-0.236759100024111,-0.197931351036695,0.215663596350468,0.139426180069733,-0.195441119142581,-0.149570035100661,-0.274346940212697,-0.303820920752022,-0.196873539113319,0.0399793612396186,-0.188234210641591,0.0679717176036863,-0.0568774918784797,0.192825545415639,-0.235611818421236,-0.293010017099399,-0.257660879574658,0.174338443691663
"90",88,-0.0850970409044422,-0.127080019739501,0.0829031298081436,0.031408422974823,-0.166526010909252,-0.199620320798719,0.176942881719109,0.0770730195231529,-0.40288980412483,-0.270475057968988,-0.304508719627248,-0.243220764735645,0.314837086299332,0.318136307316323,-0.384041284866923,-0.309954024915252,-0.278562628666216,-0.25088447579058,-0.248472480054315,0.330915439829177,-0.285844589946136,0.35929977855527,-0.164448813538394,0.261135772119487,-0.483904734171851,-0.361407048808677,-0.260561826579877,0.14485984103292
"91",89,-0.0895442441999878,-0.137373250661248,0.088305285554009,0.0344250322987778,-0.169500151413713,-0.207324065806724,0.18277956352871,0.083375754966532,-0.350165874759328,-0.178147918214328,-0.308771465469562,-0.267005570966921,0.304575663234042,0.297402219297965,-0.30962230147965,-0.203630130018464,-0.361963356154802,-0.39587500593245,-0.311178698085293,0.284178236508414,-0.325102594858046,0.323859594921416,-0.179929927746714,0.235606032769188,-0.427461982379608,-0.42954063344703,-0.357533425476813,0.0983447756207972
"92",90,-0.0692311939523264,-0.0765465550852928,0.0712140183913746,0.0262659544430109,-0.0548353252817659,0.0124808173718674,0.0652677686479065,0.0236747945608898,-0.313921540154047,-0.16600500673,-0.244872015015661,-0.193955074854023,0.262734907549038,0.201014478574895,-0.248351930143387,-0.165726065639079,-0.223867162410391,-0.186725120006486,-0.127181184035832,0.058138726502143,-0.103536046057482,0.054111769263008,-0.0456726269101585,0.244523463289632,-0.274844360582747,-0.199114959854045,-0.106193662336216,0.159494130902189
"93",91,-0.0764033514359441,-0.119421129847627,0.0759229960173044,0.025206715959038,-0.148811761291196,-0.152120914604989,0.162643794326091,0.0687453673131315,-0.237731293287565,-0.0997575438107175,-0.194368086748153,-0.174026168558464,0.198693556846091,0.118901114422398,-0.223789664620458,-0.189314532163407,-0.241483118150411,-0.288924912282538,-0.149920392744745,-0.0699819149638659,-0.165101002711721,-0.0496844667797899,-0.154694402430739,0.181826456872786,-0.333918576435197,-0.330003370026126,-0.29914503036586,0.183346616921486
"94",92,-0.0356238347324606,-0.0076149714514744,0.0427774898279449,0.0144514664527241,0.00497571695074506,0.0621551199381596,-0.0192700346512478,-0.00894829071081192,-0.127303973249636,-0.0810945807320321,-0.0946038815719712,-0.0659012754078762,0.0690263110019556,0.00668120615355801,-0.0662920305334756,-0.0234901621177399,-0.0660411057795281,-0.0478766767047322,-0.00647062794274201,-0.0634467221077172,0.00336823316757498,-0.0400330725586037,0.0769073362648423,0.0297512051201455,-0.113342839536798,-0.106696518325085,-0.0562491881200946,0.0889435673876031
"95",93,-0.088757322291329,-0.0852293830865908,0.0861494872792049,0.0350004502015662,-0.142419085568621,-0.123865873737279,0.145080949247167,0.0685188093851445,-0.00416142544894558,-0.120024967666919,-0.00743428946432831,-0.0510646851366445,0.0588519198691118,-0.141721663423958,-0.0355584990237783,-0.0404990650321336,-0.0400584435846873,-0.107492304415456,-0.0421441227337249,-0.0801027638821816,-0.00928960113946134,-0.0976662598587344,-0.159054325047839,0.104714572074506,0.0229409882298543,0.0248816462773988,-0.0664837048104742,-0.0146911095903284
"96",94,-0.0847598496238857,-0.124238994626751,0.0823078753442367,0.0309591706191577,-0.106035985747722,-0.154920860387835,0.112054645642181,0.038573987159249,-0.327263154930722,-0.213985176173459,-0.242825925716833,-0.192866814956606,0.258514476827826,0.192295253685448,-0.278078247810488,-0.225445958973031,-0.224452456114912,-0.202764041101391,-0.134069319658874,0.0734223942928363,-0.143986999046087,0.080625535059015,-0.126501730006622,0.223193944366334,-0.344982699477228,-0.253717607809326,-0.177074851954838,0.183620985492472
"97",95,-0.0867229069010273,-0.1387069974914,0.0795036775096542,0.0210341810042725,-0.161679347561569,-0.212746780125753,0.171176163441644,0.0664189673258264,-0.346655450491866,-0.24195377160231,-0.278322600961995,-0.236043556935805,0.28019832972555,0.180417913964107,-0.362915272194379,-0.295037087814025,-0.373579949586592,-0.389563740205669,-0.214972518774574,0.0995156653560046,-0.2019354459164,0.107163533759251,-0.185433091066281,0.225971352118441,-0.433634690684222,-0.416175536577703,-0.347040380670504,0.22396330691659
"98",96,-0.0924750259619228,-0.124685649020927,0.0903330057087315,0.0360126831408946,-0.158216995195087,-0.174479713598516,0.16801006155817,0.0749805175219817,-0.196994107912694,-0.194884047971045,-0.202239448338649,-0.193136569525562,0.216842911383663,0.0212874662974015,-0.187745885553536,-0.158511359951359,-0.230361739202895,-0.279288133693928,-0.165998845346778,0.0200911566531271,-0.165095497121971,0.0131640868312041,-0.174472348193938,0.202499732083877,-0.1968699236514,-0.232317549513486,-0.243183591606112,0.116542395805047
