"","cluster","V1","V2","V3","V4","V5","V6","V7","V8","V9","V10","V11","V12","V13","V14","V15","V16","V17","V18","V19","V20","V21","V22","V23","V24","V25","V26","V27","V28","V29","V30","V31","V32","V33","V34","V35","V36","V37","V38","V39","V40","V41","V42","V43","V44","V45","V46","V47","V48","V49","V50","V51","V52","V53","V54","V55","V56","V57","V58","V59","V60","V61","V62","V63","V64","V65","V66","V67","V68","V69","V70","V71","V72","V73","V74","V75","V76","V77","V78","V79","V80","V81","V82","V83","V84","V85","V86","V87","V88","V89","V90","V91","V92","V93","V94","V95","V96","V97","V98","V99","V100","V101","V102","V103","V104","V105","V106","V107","V108","V109","V110","V111","V112","V113","V114","V115","V116","V117","V118","V119","V120","V121","V122","V123","V124","V125","V126","V127","V128"
"1",0,0.429367789628014,0.0949356235896883,0.385964216377328,0.361263587957482,0.342440311968394,-0.422662170510135,-0.353419591145286,-0.259563118718246,0.290354001021943,0.00836179729040769,0.251400255925046,0.237035396513922,0.226510790595255,-0.268392273335404,-0.233385440489076,-0.21458666164373,-0.10385506630333,0.0072848766392102,-0.146646534876689,-0.139437877063173,-0.168716298343575,0.0678459189463882,0.0832826200011085,0.15837248967367,-0.123964522420816,-0.00100148666906833,-0.16154210232753,-0.141470499444107,-0.169686503868125,0.0773343516897049,0.0883550457575674,0.166602599701146,0.0605970994523347,0.0651777310385085,-0.0331992426016818,-0.0899471910665087,-0.186246875619073,-0.0783608929553287,-0.0506255699092294,0.182872943144572,0.0519015005088195,0.0690380244348471,-0.0380307496182003,-0.0988514000869382,-0.204928390901218,-0.067261933270894,-0.0323375672697103,0.224357724737395,-0.0562663205293285,0.0324685118811918,-0.123446648885675,-0.120443726294322,-0.138595618838262,0.0418996927989115,0.0596303522505529,0.123349609044581,-0.0748858370596836,0.0276447748012979,-0.129321801372543,-0.12243970050797,-0.143143266309569,0.0533160058312988,0.0638146098777633,0.132485782871078,0.342123506425668,0.113181101682546,0.327431924570943,0.321299586609378,0.340334228488588,-0.350886984181948,-0.33743075166848,-0.335573024872102,0.406628460326506,0.147929837618134,0.388440286412264,0.366147683670867,0.385220299295792,-0.411273861730507,-0.397411989024267,-0.347366925135159,-0.0656130258981235,0.00757975048298856,-0.109012102531249,-0.117230155859425,-0.122709777035648,0.0496874441041126,0.0515327735173627,0.0457487915689549,-0.0936720033568362,0.0120315073726514,-0.126029897990017,-0.125094710806023,-0.131341209681843,0.0684685874139215,0.0714727873127448,0.0638176394550539,-0.0534295333690961,0.0110256196125944,-0.121352837210527,-0.128425154575397,-0.129202833390533,0.0227086304388728,0.0102238432139612,-0.0255995065675085,-0.0781528712447963,-0.0086845833709917,-0.154133791018767,-0.143696724310317,-0.142291798206875,0.0432465336112735,0.035419350225807,-0.0127951348803842,-0.0280627297882034,0.0377352603986136,-0.0965524480604709,-0.102113553216255,-0.100226522867414,0.0131628967088782,0.014244573624586,0.0120408582672612,-0.0207576450460873,0.0426005370364027,-0.0963265308110053,-0.101733877477458,-0.10458734565079,0.00853403902300031,0.00832123096609569,0.0131269442324656
"2",1,0.0495241914442086,0.218869834669478,0.0631990117421128,0.0727857077279497,0.0575601768691284,-0.070798338671662,-0.066950280629205,-0.0264987931864104,0.00845865229045021,0.16354977701875,0.0312208130246496,0.0370311140179893,0.0139533299056304,-0.0312403627061865,-0.0237677176732217,-0.00798351924137117,0.036683745821273,0.0364921633647624,0.120960706594095,0.209058983787387,0.223469083511743,-0.0889358639650342,-0.102270546388928,-0.13616097983611,0.0358923965427336,0.0289655918044485,0.117548025777194,0.200768740704552,0.221406352258718,-0.0909933473913643,-0.0983540031783003,-0.130239852736435,0.00188894381262366,-0.00478471301543917,0.0430373556456006,0.117910308033777,0.136546372828883,-0.0280838465721676,-0.0460992368028825,-0.0635720548415122,0.00209806376351617,-0.0127731850812856,0.0596458128990261,0.162831778123914,0.176835198798862,-0.0235940035581719,-0.0354260118065859,-0.064142807748468,0.0625780150530289,0.0306713027201679,0.1340171790286,0.221660307913638,0.243101088319231,-0.0791552311275788,-0.080898168049729,-0.131335872876993,0.0542657128964277,0.0280652710226781,0.125905627241172,0.21836238336445,0.242011491347069,-0.0760188095911861,-0.0829327381384401,-0.136046315826056,0.0277088739164126,0.156672054866554,0.0627759108960307,0.0684925177404937,0.029272965709225,-0.0615502489849552,-0.0456468597116114,-0.00977912789440866,0.0505619069558657,0.13088296029526,0.0639233029689029,0.060489847259618,0.0273578016646633,-0.0747694053072568,-0.0651345332413419,-0.024459817677197,0.0769259931817533,0.034002525865844,0.145562663294757,0.176195271196469,0.174531344654571,-0.0983683200026326,-0.0936798072473382,-0.10136717963637,0.0497949315367783,0.0232384240700355,0.139292338555383,0.196966851505675,0.192608512561845,-0.086008399763673,-0.0842901380057573,-0.0809290053855613,0.0418664613545469,0.0044103951344573,0.147288738721671,0.240493176265849,0.238979884405859,-0.0516000012253449,-0.0519292171392298,-0.0299307616498831,0.0413289986607152,0.00804762350769531,0.151530648970981,0.2543100508243,0.246137328442949,-0.0609546351208025,-0.058406667710199,-0.0294805062683719,0.0816630815430359,0.0308646259411669,0.149523983987015,0.200996488130302,0.20480649337776,-0.086709752055023,-0.0826590393911188,-0.0902035164267249,0.0849898418026925,0.03059765153088,0.14914899107776,0.199980937591111,0.21086891930344,-0.088413152214618,-0.0833753475084818,-0.0894277144621936
"3",2,0.562747872955147,0.148634155505678,0.590335677558264,0.595348182638576,0.581153902942737,-0.595777607504241,-0.583693527774043,-0.531274553648154,0.528430089715108,0.137777415352722,0.561248962329755,0.579020356805469,0.581379387010644,-0.550925120108739,-0.541954654898837,-0.55557574436653,0.261595571071711,0.0855933285570648,0.133940723368769,0.0552970961485795,0.0706782931543604,-0.259486367323115,-0.271512691843845,-0.319065959620641,0.246241469080137,0.071154526380142,0.115313623904979,0.0422065525295681,0.0584017263355846,-0.244128362864012,-0.248312203072408,-0.291701192514698,0.243789490854582,0.0592049183541757,0.151211951320886,0.0645146897303484,0.0277879306494515,-0.211258994744175,-0.208675670207913,-0.161274750419622,0.228983564639369,0.0368633866521216,0.150614172024489,0.0673585240682385,0.0246869110996693,-0.186496857988416,-0.179822860395921,-0.141315044456846,0.350855676029274,0.0812192897183629,0.179375904299981,0.0738312733618209,0.0870144877438796,-0.31566519122181,-0.314531356014068,-0.359023296119489,0.329385359137588,0.0752885722118151,0.159165906291904,0.0675680484220802,0.0812650997171652,-0.29668248065454,-0.294194761919768,-0.359807275191906,0.461102789006165,0.161710172536738,0.480734195808391,0.463660047120499,0.48099029661034,-0.48707711445185,-0.494223827940474,-0.496614767982339,0.446507880180184,0.167764713419789,0.447750918783688,0.41313053753895,0.425591300110187,-0.471160531291816,-0.474493608691732,-0.450053212166973,0.358521506349217,0.112875192981417,0.207527502969852,0.086996704139433,0.104539594321079,-0.350801394646878,-0.35166573846838,-0.430297226842546,0.317317815516362,0.0864046340454165,0.182230818810359,0.0685422153469617,0.0728144435281537,-0.312776977998215,-0.315239556881341,-0.371550609587691,0.262697668668312,0.0271521429938415,0.15690697204174,0.0745018762408933,0.0329817007271728,-0.204253825839177,-0.192151489723123,-0.183038836096,0.24797058746261,0.0207412342455708,0.154026730860441,0.0770368855463269,0.0330619252906546,-0.197031425505925,-0.182989050016794,-0.173515340530997,0.412796564823331,0.105218916142986,0.232814825514735,0.079547004549392,0.0865174758000536,-0.391053852974826,-0.386144934526178,-0.443091082388321,0.395915472156572,0.089701062844609,0.228607648814742,0.0749718005495681,0.07991841151719,-0.379057403928244,-0.382678772711982,-0.431204417360066
"4",3,0.0342972957294725,0.0868675117761567,0.0453759320773107,0.0531141118667916,0.0475695261000579,-0.0302132498701247,-0.0225370240311124,-0.0138001240901722,-0.000709615747744246,0.0994108682351472,0.0240139564450144,0.0374445938781906,0.0293948481052021,0.00555611374425354,-0.00347574064561195,-0.0101401117155719,-0.116670699036761,-0.0926142679130194,-0.0869922698508581,-0.0720387717567265,-0.0381750930010937,0.108507121870274,0.100388825829557,0.0469899841998863,-0.113876591862333,-0.0937837323959177,-0.0868702583720141,-0.0690986127524604,-0.0317497030003979,0.109596086221784,0.100248933661162,0.047562883852021,-0.0325328293301851,-0.0301242974617303,-0.0305945879669343,-0.0314741600132341,0.00218959620042429,0.0352911640622534,0.0305475622283636,-0.00939469266700144,-0.0316086367468566,-0.0215950094870114,-0.0241119037312475,-0.0314835238004346,-0.00699925205527104,0.0381362912888741,0.03594629169635,-0.00975593439305949,-0.102239259019769,-0.0952207302978608,-0.0872439555043226,-0.0646738548785622,-0.0422216207526383,0.124274923933516,0.12275591972915,0.055684532422248,-0.105698190566294,-0.0926749181334352,-0.0853585710795831,-0.0612539008682258,-0.0404581011152075,0.125484790525504,0.116451894300591,0.0552005392750356,-0.0264437674594619,0.0474061935421197,0.00137767122453083,0.0111836402353933,-0.00288950471305749,0.0334371526973901,0.0373287993910827,0.0153834531437514,-0.00959306566071513,0.0369635075536662,0.00832857681275438,0.0125558689280295,0.00087982339222814,0.0139036219288553,0.0144367508654064,0.00589229671124778,-0.120804724094178,-0.116596195052093,-0.0892191756942762,-0.0863374432953573,-0.0769016226823591,0.114841352274579,0.114102282528115,0.100640110033882,-0.0947732691095694,-0.10981071552494,-0.0738838633089407,-0.0717990693854431,-0.0564224943479865,0.0990384996958269,0.0984855456357892,0.067321318352091,-0.0456052840519364,-0.0290890874720186,-0.0308022996910856,-0.0355632391470401,-0.0268928728426398,0.0693326512178031,0.0765412525942731,0.0327772074624484,-0.0455351919379187,-0.0310031252892819,-0.0320018924480256,-0.0341812987150034,-0.0312068745544714,0.0612370850688835,0.0730330501356602,0.0346139502775743,-0.104588577392241,-0.108255542708214,-0.0910953896011139,-0.0742073595622837,-0.0628801651709261,0.114592336193308,0.116063627226328,0.0949675711414417,-0.086957234096266,-0.100823427031863,-0.0940390091402034,-0.0801493754395425,-0.0698585682967391,0.105097438990673,0.108377582434892,0.0876216179612079
"5",4,0.639094236147433,0.380929898533854,0.660360574380981,0.682801590615897,0.773164186152834,-0.748798577883615,-0.956003372127479,-1.46650070640261,0.698212287258326,0.376344152508478,0.705675381739446,0.725314105126081,0.800583035423165,-0.842076105350936,-1.23283955733766,-2.25602054800394,0.589352110122621,0.863231341087034,0.479291078371391,0.298052085285543,0.34759239146891,-0.806949116558763,-0.924710725997566,-1.25015096589099,0.562869786168771,0.822421254168071,0.460973297234074,0.279444022073898,0.329584910500487,-0.787146045605278,-0.882906493455469,-1.23702733689528,0.770459224017794,0.813105135276092,0.659970654744091,0.474487287575655,0.410062075440736,-0.952723097067427,-1.02664385533335,-0.933738871663077,0.669774934032924,0.799138089837098,0.59211468375274,0.388151506018924,0.315635167373788,-0.799871222942967,-0.878033338958849,-0.786961126986995,0.662436397169814,0.86002993175769,0.555610174188856,0.398927719641169,0.400226919335234,-1.01368499417645,-1.17100269153476,-1.48562658321248,0.635777307312389,0.85060836064917,0.523454872405352,0.362545310863483,0.355015695944212,-0.962196372776241,-1.07523787013747,-1.34710414547114,0.760747317624274,0.429170591275941,0.839121073146105,0.916611039121765,1.08383591792797,-0.940453179945161,-1.48153644736579,-2.92547715445714,0.771101062694612,0.491018587846942,0.87011031924537,0.915379233878834,1.09089149957433,-0.9383288084664,-1.35332604782869,-2.53734650974075,0.645062444742525,0.962032063827159,0.523026364169789,0.360830216354802,0.525639419142639,-0.934335443906058,-1.11228212342383,-2.38285696316568,0.622875187338614,0.896040867629881,0.524774900951819,0.34355942877225,0.471715914353969,-0.887387976206165,-1.06086983050026,-2.15406771272439,0.598346303591672,0.824930320069022,0.508282605859068,0.251939908684688,0.285409958193688,-0.790381353914489,-0.899367535012386,-1.37669929453715,0.491047262278196,0.805214512014303,0.361179987749873,0.15392432542636,0.204612408311149,-0.664531766750616,-0.76983555386918,-1.18868905548894,0.720887693311391,0.886363945412896,0.641898060117189,0.450034423262505,0.503089468464166,-1.17573740029087,-1.40937626161856,-2.46474563047453,0.675303837170048,0.876211824003805,0.620478394854025,0.448275447156837,0.495466527109295,-1.1199872809405,-1.39903836133888,-2.27563798276357
"6",5,0.378617744722649,0.909059884357775,0.452430096862288,0.484720590564931,0.401277642585439,-0.406534422547059,-0.327655481749081,-0.132133672345917,0.255092161487142,0.825062381770968,0.329502803249601,0.372772985387661,0.286782202458012,-0.246693734806163,-0.192230643773827,-0.0701656020123906,0.318692574586547,0.329459372073517,0.286396292852059,0.33067966800354,0.304510863114837,-0.31030920054084,-0.300989009931041,-0.193852296850102,0.311404084553075,0.310892960541589,0.279550933633734,0.328894656650409,0.313581784928249,-0.311549171268792,-0.295505794256961,-0.18701050188223,0.483551980799769,0.359063008206257,0.537842768433194,0.678271539438465,0.607380876551983,-0.462872007326505,-0.450244542125148,-0.123946671923558,0.469560303383288,0.331348179162614,0.533662133886964,0.682312370645508,0.581945281222405,-0.43544855933509,-0.406349593314735,-0.0874819877423054,0.421187525537008,0.389624570606389,0.38778788148885,0.383898399049826,0.362987959506727,-0.370818542431649,-0.353974621295995,-0.244515419466669,0.40181882517008,0.376385853029829,0.363451705992721,0.373888269005243,0.357176107148353,-0.364701075517818,-0.354798249711534,-0.265523828673584,0.362632970966982,0.874679674418031,0.462577560427838,0.498682032608144,0.410010523786181,-0.375997943040823,-0.317738785131159,-0.157920563988993,0.431322767372858,0.899138584327093,0.501287483014796,0.505228691434433,0.420835662376716,-0.427395109214645,-0.375310654529552,-0.188795666954721,0.36659961389388,0.371878910056184,0.335390133390037,0.331563250040361,0.328608607587897,-0.332705282930411,-0.325543723509475,-0.295139369956673,0.342928502269599,0.363205803516386,0.333966304453682,0.337504530102657,0.323232164456641,-0.32300025121367,-0.318607572491509,-0.276045813563522,0.49562431961977,0.386172674275155,0.560047402363081,0.604344661015149,0.573495146989203,-0.464396777023347,-0.467208582857222,-0.343514336283507,0.458477523776227,0.370460386292474,0.511093511062529,0.566871459032871,0.531291251836745,-0.453205176785468,-0.440842969315268,-0.329633265919542,0.443093724729035,0.414171546879527,0.441673284423207,0.394910022204347,0.381432665878563,-0.388034292945648,-0.399856625250017,-0.357250806616863,0.444800687362562,0.416061290010907,0.461425853294601,0.421167676874019,0.414102571655612,-0.394564613672597,-0.40421868694456,-0.36035199780034
"7",6,-0.0359094329158683,-0.0643201695632439,-0.0345786060699073,-0.0395312912853118,-0.0514864850312725,0.0319962751009813,0.0327295796292067,0.0209661748922864,-0.0989281710157347,-0.0666278022446265,-0.0943861067125766,-0.11407999749091,-0.144721721994882,0.107460376104798,0.105421506584641,0.0619673416609336,0.155768403982186,0.525984505564985,0.185443048762223,0.163689300138366,0.113253008130843,-0.151579391715778,-0.140695743228608,0.00264606078921975,0.16961831354821,0.54253656790317,0.199188151764801,0.177908182453604,0.138199640535072,-0.161975775729878,-0.157321257029365,-0.0283961199676861,0.268930177514236,0.501731478037561,0.225567916331327,0.137527557872502,0.0519108741175949,-0.303056281123559,-0.298509950721604,0.0534171176353992,0.264146666563762,0.51966963766447,0.22973271729877,0.128337652978543,0.024851376915104,-0.294339491080272,-0.290142728031749,0.0922433768805229,0.0561067449354623,0.463960634929294,0.105769422993844,0.120665452732142,0.0910864156972511,-0.0623576386845417,-0.0593955387732487,0.0525476197062948,0.0574017756591017,0.483187457857345,0.104650300636969,0.115904739297285,0.0867407487392746,-0.0658931054331071,-0.0662300953505994,0.0577385221374528,-0.136701666668527,-0.0844258162822466,-0.107642709466477,-0.105283200561599,-0.131075473723901,0.122458518571291,0.122870517084459,0.0843246051294494,-0.0842767230038695,-0.0654977304824103,-0.0628551042610459,-0.0629646774150721,-0.0823555781210052,0.0672880786309195,0.0668658422327949,0.0482672437282977,0.115499075938175,0.463164388374583,0.169232970153003,0.164516243229489,0.151017160479529,-0.118442683837186,-0.120971404601911,-0.0906623268236009,0.107505530822619,0.482974117130227,0.160032300943391,0.14381168195505,0.128760335783644,-0.101629176669334,-0.10749526288323,-0.085441728079159,0.106867875027762,0.461255790338735,0.0720722927302638,-0.00742318116864622,0.00607412594511446,-0.165970082248642,-0.191912813936578,-0.146130322636484,0.139309517257568,0.521863998706281,0.10089746234746,0.0186325486800852,0.0243657371246964,-0.215698126748221,-0.247377000565226,-0.192992697709189,0.0282291591836718,0.381424137850722,0.0977397062457394,0.116025062135188,0.10716647981944,-0.0529025905281881,-0.0729399957904644,-0.0220077871369211,0.021071380159751,0.377908486672334,0.0781317407490835,0.0977302190538098,0.0938709048458602,-0.0405972031001193,-0.0608168419715462,-0.00461036707719642
"8",7,-0.0545580662130269,-0.0247014017345423,-0.0562386192971189,-0.0548917331230177,-0.062794201336348,0.0504521624693065,0.0336963548607574,0.0196868174347292,-0.118192723427789,-0.0472432089409086,-0.116603094290241,-0.131229591774987,-0.153575111170623,0.127417948716088,0.115798896818843,0.0627702995916376,0.479550979095703,0.41266577930226,0.68977609771084,0.867608882674746,0.800098701450614,-0.543163388207555,-0.545810163515071,-0.380722531902247,0.490958112457892,0.408099459276436,0.707395959231804,0.873293322653254,0.833932057906713,-0.563076378186059,-0.566442566385619,-0.415471142135707,0.0234925150271893,0.0218026733013365,0.0955110809247353,0.256364849327562,0.202463908549761,-0.0358033299388665,-0.0161117143940019,0.187058724092499,0.0810204839574885,0.0458454219941118,0.155925126595199,0.318485393859336,0.234621333391909,-0.0918626715249751,-0.0594266427776637,0.172359744844314,0.402161931074665,0.364005403879006,0.587428230450328,0.789466609937993,0.786745406666944,-0.412632376031514,-0.401241307047455,-0.269011823706787,0.413117317262253,0.373873543860313,0.599781351751816,0.824249461736425,0.831128440324358,-0.436539134175096,-0.44510769163041,-0.329331043418444,-0.164333019559716,-0.0893005537572876,-0.140414529290645,-0.13662765091492,-0.172278510896016,0.159554342792893,0.157590331407016,0.110957770496058,-0.119573522586759,-0.0854738058770329,-0.102932436167783,-0.0999411861374332,-0.128532303839438,0.108423645365502,0.105332703114711,0.0751992287459284,0.453263966561604,0.389449367787187,0.668330060883339,0.828856410833287,0.809998902174218,-0.489157593873244,-0.48592498218007,-0.420970157944348,0.454224942808753,0.400517435510405,0.671378720568063,0.832576074447063,0.794057283167554,-0.500077397404046,-0.501644488818408,-0.413034086878787,0.172698807850321,0.133447289671438,0.280292417456807,0.382363797041777,0.352401375991234,-0.206065211559339,-0.22223492200163,-0.0738990619112982,0.222860339200096,0.174730068755687,0.331989492999174,0.410769854312273,0.357142156128308,-0.260854452211329,-0.254577265436074,-0.0979510585660457,0.342672123316021,0.321351682053213,0.570801839102644,0.793445801053261,0.800213299715536,-0.346712852853794,-0.37118157965953,-0.313735040970542,0.348834851913343,0.317070737039341,0.546634801992513,0.736037720606918,0.755064159146195,-0.348011285819528,-0.35077599180748,-0.288368737108512
"9",8,-0.0221145631534074,-0.0428156559463972,-0.0338149151439402,-0.0334196501606201,-0.0243017120957718,0.0276948511462927,0.0233795450876595,0.00270194048805849,-0.0778309707272457,-0.0649066237486763,-0.0842361475295409,-0.0911582367640709,-0.0865417801713782,0.0925080293046878,0.0825046003736677,0.0299547143526874,-0.277684558196119,-0.177261741028123,-0.235924098482977,-0.196062719235107,-0.169242693043561,0.237206040922667,0.230873797981854,0.189804825511314,-0.288206183367931,-0.179898565195031,-0.24609537503257,-0.197035328282148,-0.169587181077335,0.244027942418059,0.232797777012636,0.196273492747107,-0.209660275292401,-0.154037315351656,-0.218396763384572,-0.230296998666404,-0.168522711535827,0.191258531548333,0.178957051620511,0.117420986040333,-0.217336092546888,-0.143046313233599,-0.231887312410155,-0.245915661106844,-0.180194270346156,0.199635066130177,0.195992937040851,0.139373773147353,-0.276301645608201,-0.196535400405741,-0.246046827287247,-0.189443916799859,-0.166944465758345,0.267041947113289,0.263357740866629,0.20310254312421,-0.284848635793436,-0.195555998445819,-0.240188979904327,-0.184356437376943,-0.165162769802257,0.269542854887703,0.254772804711569,0.207038343611294,-0.109023519546641,-0.0664227742277161,-0.0936340474732966,-0.0853709113975422,-0.0856660764338895,0.10823366028938,0.102221744785989,0.0510983086923633,-0.0778770732125839,-0.067157984869976,-0.0682263375599622,-0.062453933660104,-0.0611183798007274,0.070369318455041,0.0637209082798752,0.0302769939781685,-0.257061029331185,-0.201331184598955,-0.216801179222287,-0.190103958721904,-0.167401703311411,0.232070827835232,0.225150234162989,0.196144310264892,-0.279483683139259,-0.206468348855114,-0.233855186951973,-0.197145543829199,-0.167978978672849,0.252196645117654,0.248014938860609,0.205715221347113,-0.289461928173179,-0.188380313977493,-0.27536662314902,-0.225802717615951,-0.166836494705498,0.2717790348527,0.244825803344437,0.0956711535541483,-0.288669028441407,-0.195554851410477,-0.285084774472692,-0.224796208065819,-0.167712353079678,0.267479171835028,0.248115210776148,0.102531005965063,-0.258705798425582,-0.199810742965837,-0.239300990095469,-0.186677120023136,-0.164493690906176,0.243284347371811,0.238092163604444,0.202492617275299,-0.246089823025728,-0.19810843374239,-0.248521606196766,-0.197498629944486,-0.179261451066612,0.240817097727862,0.239972766810252,0.205840473544019
